name,in-28F,pH2_s-28F,1-28F,2-28F,3-28F,4-28F,62-28F,48-28F,53-28F,65-28F,60-28F,67-28F,90-28F,85-28F,96-28F,97-28F,98-28F,106-28F,71-28F,79-28F,pH2_r-28F,pH12-28F,salt-28F
Sphingobacterium sp,0,0,0,0,0,0,0,0,0,0,0.264007040187738,0.342298288508557,0,0,0,0,0,0,0,0,0,50.3661146783823,1.20244431302977
Burkholderia sp,0,0,0.0325414904002603,0,0.237404378791876,0,0.0686813186813187,6.88225538971808,1.23102174805088,1.16769380473565,3.813435024934,0.831295843520782,6.98989898989899,15.6084656084656,0,99.2659395973154,40.6931095167186,86.8352635310801,0,0.193847450484619,0,0,0
Paenibacillus sp,0,0,0.357956394402864,0.675584380489123,0.0527565286204168,0.280386933968877,0.804552590266876,0,0.205170291341814,0.0648718780408693,0,0,0,0,0,0,0,0,0,0,0,0,0
Stenotrophomonas maltophilia,0,0,0.325414904002603,0,0,0.0280386933968877,0.0294348508634223,0,0,21.861822899773,0,17.8973105134474,0,0,0,0,0,0,0,0,0,0,0
Burkholderia ubonensis,0,0,0,0,0,0,0,0,0,0,0,0,0.0707070707070707,0.146972369194591,0,0,0.0406118857452281,0,0,0,0,0,0
Pseudomonas sp,0.199181739879414,0,18.5811910185486,47.952979327118,20.627802690583,58.1943081452404,48.0769230769231,2.59812050856827,11.2843660237998,0.713590658449562,1.55470812555001,1.27139364303178,23.5757575757576,0.293944738389183,0,0,0,0,1.2899983246775,0.0252844500632111,0,0.0337952010814464,0.906761285235561
Paenibacillus odorifer,0,0,0,0,0,0.126174120285995,0,0,0,0,0,0,0,0,0,0,0,0,0,0,0,0,0
Xanthomonas sp,0,0,0,0,0,0,0,0,0.205170291341814,0.129743756081739,0,0,0,0,0,0,0,0,0,0,0,32.8489354511659,0.019712201852947
Synechococcus sp,0,34.1535698248765,0,0,0,0,0,0,0,0,0,0,0,0,0,0,0,0,0,0,0,0.0788554691900417,0.275970825941258
Burkholderia phenazinium,0,0,0,0,0,0,0,0,0,0.0324359390204346,0,0,0,0.0195963158926122,0,0,0.148910247732503,7.56322382415505,0,0,0,0,0
Staphylococcus warneri,0,0,0,0,0,0,0,0,0,0.324359390204346,0,0,0,0,0,0,0,0,0,0,0,0,0
Staphylococcus haemolyticus,0,0,0,0,0,0,0,0,0,0.0973078170613039,0,0,0,0,0,0,0,0,0,0,0,0,0
Burkholderia tropica,0,0,0,0,0,0.0700967334922193,0,0,1.88756668034469,15.5368147907882,1.26136696978586,5.23227383863081,0,0.0293944738389183,0,0,0,0,0.88792092477802,83.3796881584492,0,0,0
Stenotrophomonas sp,0,0,0,0,0,0,0.0686813186813187,0,0,34.9659422640285,0,35.5501222493888,0,0,0,0,0,0,0,0,0,0,0
Aphanocapsa sp,0,2.1823080377189,0,0,0,0,0,0,0,0,0,0,0,0,0,0,0,0,0,0,0,0.146445871352935,0.433668440764833
Chryseobacterium sp,0,0,0.260331923202083,0,0,8.32749193887565,0.107927786499215,0,0.287238407878539,0,0.0880023467292461,0.244498777506112,0,0,0,0,0,0,0,0,0,0,0
Achromobacter xylosoxidans,0,0,0,0,0,0,0,0.552791597567717,0.0410340582683627,0,0.264007040187738,0,0,0.774054477758181,0,0,0,0,0.318311274920422,0,0,0,0
Burkholderia cepacia,0,0,0,0,0,0,0,0,0,0,0,0,1.88888888888889,3.07662159514011,0,0,0,0,0,0,0,0,0
Alcaligenes sp,0.0053832902670112,0,0,0,0,0,0,0,0,0,0.0586682311528307,0,0,0.0783852635704488,0,0,0,0,0.0167532249958117,0,0,0.168976005407232,0
Halomicronema sp,0,61.2483161203413,0,0,0,0,0,0,0,0,0,0,0,0,0,0,0,0,0,0,0,0,0
Achromobacter sp,0,0,0,0,0,0,0,0.110558319513543,0.205170291341814,0,0.117336462305661,0,0,0.146972369194591,0,0,0,0,0.167532249958117,0,0,0,0
Massilia sp,0,0,1.04132769280833,0.0810701256586948,0.0527565286204168,0.126174120285995,0.0196232339089482,2.57048092868988,1.88756668034469,0.0324359390204346,3.28542094455852,0,0,1.72447579854987,10.8374384236453,0,0,0,0,0,0,0,0
Burkholderia phytofirmans,0,0,0.0650829808005207,0,0,0,0,0,0,0,0,0,0.0202020202020202,0.0685871056241427,0,0,0.0406118857452281,0.165445521153392,0,0,0,0,0
Pedobacter sp,50.6890611541774,0.0359227660529861,0.195248942401562,0,0.290160907412292,0,0,1.60309563294638,0.123102174805088,0,0.0293341155764154,0,0,0,0,0,0,0,0,0,0,0,0
Dyella japonica,0,0,0,0,0,0,0,2.1558872305141,0.164136233073451,0,0.909357582868876,0.097799511002445,5.48484848484848,6.37860082304527,0,0,23.5007445512387,0,0,0,0,0,0
Paenibacillus mendelii,0,0,0,0,0,0,0,0,0,0.713590658449562,0,0,0,0,0,0,0,0,0,0,0,0,0
Burkholderia fungorum,0,0,0,0,0,0,0,0,0.246204349610176,0.810898475510866,0.205338809034908,0,0,0.195963158926122,0,0.0209731543624161,1.06944632462434,0.0236350744504845,0,0,0,0,0
Delftia tsuruhatensis,0,0,0,0,0,0,0,0,0,2.36782354849173,0,6.60146699266504,0,0,0,0,0,0,0,0,0,0,0
Janthinobacterium sp,0,0,0,13.1603837319281,0,2.9721015000701,13.0690737833595,0,0.328272466146902,0,0,0,0,0,0,0,0,0,0,0,0,0,0
Burkholderia sordidicola,0,0,0,0,0,0,0,0,0,0,0,0,0,0.22535763276504,0,0,0.0676864762420468,0,0,0,0,0,0
Arenimonas malthae,0,0,0,0,0,0,0,0,0.246204349610176,0.551410963347389,0,0,0,0,0,0,0,0,0,0,0,0,0
Burkholderia vietnamiensis,0,0,0,0,0,0,0,0,0,0,0,0,0.0303030303030303,0.127376053301979,0,0,0,0,0,0,0,0,0
Delftia sp,0,0,0,0,0,0.0140193466984439,0,0,0,4.63833927992215,0,16.3325183374083,0,0,0,0,0,0,0,0,0,0,0
Burkholderia cenocepacia,0,0,0,0,0,0,0,0,0,0,0,0,0.0303030303030303,0.0881834215167548,0,0,0,0,0,0,0,0,0
Serratia liquefaciens,0,0,7.32183534005857,0.0135116876097825,0.15826958586125,0.0700967334922193,0.0196232339089482,26.2299613045882,15.1826015592942,0.259487512163477,30.4194778527427,0,0,19.047619047619,23.5467980295567,0,0,0,0,0,0,0,0
Acetobacter pasteurianus,0,0,0,0,0,0.0420580400953316,0,0,0,0,0,0,0,0,0,0,0,0,0,0,0,0,0
Pseudomonas chlororaphis,0,0,0.0325414904002603,0.351303877854344,0,2.52348240571989,0.54945054945055,0,0,0,0,0,0,0,0,0,0,0,0,0,0,0,0
Pseudomonas fluorescens,0,0,35.4051415554832,12.0254019727064,0.316539171722501,0.658909294826861,11.5777080062794,27.5013819789939,5.49856380796061,3.21115796302303,2.49339982399531,0.58679706601467,39.020202020202,0,0,0,0,0,66.0579661584855,0,0,0,0
Microvirgula aerodenitrificans,0,0,0,0,0,0.196270853778214,0,0,0,0,0,0,0,0,0,0,0,0,0,0,0,0,0
Pseudomonas veronii,0,0,1.5619915392125,0.702607755708688,0,3.63101079489696,0.745682888540031,0,2.0927369716865,0.0973078170613039,0.0880023467292461,0.831295843520782,0,0,0,0,0,0,0,0.21913190054783,0,0,0
Burkholderia oklahomensis,0,0,0,0,0,0,0,0,0,0,0,0,0,0.0489907897315305,0,0,0,0,0,0,0,0,0
Cupriavidus basilensis,0,0,0,0,0,0.210290200476658,0,0,0.45137464095199,0,0.293341155764154,0.0488997555012225,0,0,0,0,0,0,0,0,0,0,0
Dyella soli,0,0,0,0,0,0,0,3.09563294637922,1.10791957324579,0.129743756081739,5.80815488413024,0.880195599022005,3.08080808080808,22.8199098569469,0,0,4.69744145119805,0,0,0,0,0,0
Duganella sp,0,0,0,0.0945818132684772,0,0.36450301415954,0.137362637362637,0,0,0,0,0,0,0,0,0,0,0,0,0,0,0,0
Burkholderia xenovorans,0,0,0,0,0,0,0,0.0276395798783858,0,0,0.117336462305661,0,0.0303030303030303,0.0195963158926122,0,0.0209731543624161,0.0947610667388656,0.0709052233514536,0,0,0,0,0
Comamonas testosteroni,0,0,0,0,0,0.098135426889107,0,0,0,0,0,0,0,0,0,0,0,0,0,0,0,0,0
Pseudomonas trivialis,0,0,5.75984380084608,1.39170382380759,0.0263782643102084,12.981915042759,1.82496075353218,0.0276395798783858,6.68855149774313,0.616282841388258,0.645350542681138,1.36919315403423,0,0,0,0,0,0,0,0.581542351453856,0,0,0
Burkholderia glumae,0,0,0,0,0,0,0,0,0,0,0,0,0,0.0195963158926122,0,0,0,0,0,0,0,0,0
Aquitalea magnusonii,0,0,0,0,0,0.238328893873545,0,0,0,0,0,0,0,0,0,0,0,0,0,0,0,0,0
Burkholderia gladioli,0,0,0,0,0,0,0,0,0,0,0,0,0.0101010101010101,0.0391926317852244,0,0,0,0,0,0,0,0,0
Serratia proteamaculans,0,0,0.715912788805727,0,0.0527565286204168,0.0140193466984439,0,5.16860143725815,2.33894132129668,0.0973078170613039,4.63479026107363,0,0,2.96884185773075,5.52955665024631,0,0,0,0,0,0,0,0
Rhodanobacter sp,0,0,0,0,0,0,0,0,0,0.0648718780408693,0.205338809034908,0,0,0,0,0,0,0,0,0,0,0,0
Pseudomonas congelans,0,0,0.0325414904002603,0,0,0.0140193466984439,0.0098116169544741,0,0,0,0,0,0,0,0,0,0,0,0,0,0,0,0
Herbaspirillum sp,0,0,0,0.0270233752195649,0,1.8225150707977,0.0784929356357928,0,0.0820681165367255,0,0,0,0,0,5.7512315270936,0,0,0,0,0.0842815002107038,0,0,0
Pseudomonas syringae,0,0,0.097624471200781,0.0540467504391298,0,0.322444974064209,0.117739403453689,0.0276395798783858,0.410340582683627,0,0.0586682311528307,0,0,0,0,0,0,0,0.0167532249958117,0,0,0,0
Duganella zoogloeoides,0,0,0,0.16214025131739,0,0.392541707556428,0.245290423861852,0,0.533442757488716,0,0,0,0,0,0,0,0,0,0,0,0,0,0
Streptococcus mitis,0,0,0,0,0,0,0,0,0,0.194615634122608,0,0,0,0,0,0,0,0,0,0,0,0,0
Comamonas sp,0,0,0,0.0270233752195649,0,0.0280386933968877,0.0196232339089482,0,0,0,0,0,0,0,0,0,0,0,0,0,0,0,0
Pectobacterium carotovorum,0,0,0.097624471200781,0,0,0.0140193466984439,0,0,0.205170291341814,0,0.0293341155764154,0,0,0,0.0123152709359606,0,0,0,0,0,0,0,0
Staphylococcus epidermidis,0,0,0,0,0,0,0.0490580847723705,0,0.123102174805088,0.0648718780408693,0,0,0,0,0,0,0,0,0,0,0,0,0
Pseudomonas putida,0,0,12.1054344288968,14.1872719902716,76.6024795568452,0.308425627365765,11.3422291993721,0,11.5305703734099,0.259487512163477,0.322675271340569,0.0488997555012225,8.31313131313131,0,0,0,0,0,0,0.00842815002107038,0,0,0.019712201852947
Massilia timonae,0,0,0,0,0,0.098135426889107,0,0,0,0,0,0,0,0,0,0,0,0,0,0,0,0,0
Dyella sp,0,0,0,0,0.0263782643102084,0,0,1.05030403537866,0.533442757488716,0.291923451183912,1.34936931651511,0.146699266503667,0.818181818181818,7.58377425044092,0,0,3.0323541356437,0,0,0,0,0,0
Halomicronema metazoicum,0,0.00898069151324652,0,0,0,0,0,0,0,0,0,0,0,0,0,0,0,0,0,0,0,0,0
Curvibacter gracilis,0,0,0,0.0540467504391298,0,0.0280386933968877,0.0392464678178964,0,0,0,0,0,0,0,0,0,0,0,0,0,0,0,0
Halomicronema excentricum,0,0.017961383026493,0,0,0,0,0,0,0,0,0,0,0,0,0,0,0,0,0,0,0,0,0
Streptococcus sp,0,0,0,0,0,0,0,0,0.820681165367255,0.162179695102173,0.352009386916984,0,0,0,0,0,0,0,0,0,0,0,0
Burkholderia ambifaria,0,0,0,0,0,0,0,0,0,0,0,0,0.0202020202020202,0.0195963158926122,0,0,0,0,0,0,0,0,0
Pseudomonas jessenii,0,0,0.0325414904002603,0.0135116876097825,0,0.0140193466984439,0,0,0,0,0,0,0,0,0,0,0,0,0,0,0,0,0
Geitlerinema sp,0,0.601706331387517,0,0,0,0,0,0,0,0,0,0,0,0,0,0,0,0,0,0,0.123323570217358,0,0
Aminomonas sp,0,0,0,0,0,0,0,0,0,0,0,0,0,0,0,0,0,0,0,0,0,0.101385603244339,0
Burkholderia plantarii,0,0,0,0,0,0,0,0,0,0,0,0,0,0.0195963158926122,0,0,0,0,0,0,0,0,0
Methylophaga sp,0,0,0,0,0,0,0,0,0,0,0,0,0,0,0,0,0,0,0,0,0,0.0225301340542976,0
Citrobacter braakii,0,0,0,0,0,0.0420580400953316,0,0,0,0,0,0,0,0,0,0,0,0,0,0,0,0,0
Pseudoscillatoria coralii,0,0.00898069151324652,0,0,0,0,0,0,0,0,0,0,0,0,0,0,0,0,0,0,0,0,0
Pseudomonas antarctica,0,0,0,0,0.0791347929306252,0.0420580400953316,0.0196232339089482,0,0,0,0,0,0,0,0,0,0,0,0,0,0,0,0
Cronobacter sakazakii,0,0,0.162707452001302,0,0,0.0140193466984439,0,0.0829187396351575,0.0410340582683627,0,0,0,0,0.0195963158926122,0.123152709359606,0,0,0,0,0,0,0,0
Buttiauxella noackiae,0,0,0.195248942401562,0,0,0,0.0098116169544741,0,0.246204349610176,0.0324359390204346,0,0,0,0,0,0,0,0,0,0,0,0,0
Dolichospermum fallax,0,0.107768298158958,0,0,0,0,0,0,0,0,0,0,0,0,0,0,0,0,0,0,0.0308308925543395,0.0112650670271488,0
Pseudomonas lutea,0,0,0,0,0,0,0,0,0,0.194615634122608,0,0,0,0,0,0,0,0,0.871167699782208,0,0,0,0
Leifsonia lichenia,0,0,0,0,0,0,0,0.165837479270315,0.287238407878539,0,0.469345849222646,0,0,0.0195963158926122,0,0,0,0,0,0,0,0,0
Nocardia sp,0,0,0,0,0,0,0,0,0,0,0,0,0,0,0,0,0,0,0,0,0,0.326686943787316,0
Serratia fonticola,0,0,0,0.364815565464126,0,0.224309547175102,0.608320251177394,0,0,0,0.0586682311528307,0,0,0.00979815794630609,0,0,0,0,0,0,0,0,0
Pseudomonas synxantha,0,0,0.520663846404165,0.243210376976084,0,0.252348240571989,0.363029827315542,0,0.0410340582683627,0,0,0.0488997555012225,0,0,0,0,0,0,0,0,0,0,0
Aquitalea sp,0,0,0,0,0,0.0420580400953316,0,0,0,0,0,0,0,0,0,0,0,0,0,0,0,0,0
Zoogloea sp,0,0,0,0.0405350628293474,0,0.098135426889107,0.0294348508634223,0.0552791597567717,0,0,0,0,0,0,0,0,0,0,0,0,0,0,0
Enterobacter sp,0,0,0.292873413602343,0,0.0791347929306252,0.140193466984439,0,0.0276395798783858,0.45137464095199,0.356795329224781,0.176004693458492,0,0,0,0.0369458128078818,0,0,0,0,0,0,0,0
Herbaspirillum seropedicae,0,0,0,0,0,0.0140193466984439,0,0,0.0820681165367255,0,0,0,0,0,0,0,0,0,0,0.00842815002107038,0,0,0
Aeromonas sp,0,0,0,0,0,0.0700967334922193,0,0,0,0,0.0880023467292461,0,0,0,0,0,0,0,0,0,0,0,0
Malikia sp,0,0,0,0,0,0,0,0,0,0,0,0,0,0,0,0,0,0,0,0,0,0.0675904021628929,0.256258624088311
Aeromonas caviae,0,0,0,0,0,0.294406280667321,0,0,0,0,0,0,0,0,0,0,0,0,0,0,0,0,0
Citrobacter freundii,0,0,0,0,0,0.126174120285995,0,0,0,0.0648718780408693,0,0,0,0,0,0,0,0,0,0,0,0,0
Serratia entomophila,0,0,0,0,0,0,0,0,0.984817398440706,0.0973078170613039,1.02669404517454,0,0,0,0,0,0,0,0,0,0,0,0
Aeromonas hydrophila,0,0,0,0,0,0.0140193466984439,0,0,0,0,0,0,0,0,0,0,0,0,0,0,0,0,0
Aeromonas punctata,0,0,0,0,0,0.098135426889107,0.0098116169544741,0,0,0,0,0,0,0,0,0,0,0,0,0,0,0,0
Propionibacterium sp,0,0,0,0,0,0,0,0,0,0.0973078170613039,0.0586682311528307,0,0,0,0,0,0,0,0,0,0,0,0
Prochlorococcus sp,0.0053832902670112,0.0359227660529861,0,0,0,0,0,0,0,0,0,0,0,0,0,0,0,0,0,0,0,0,0
Enterobacter ludwigii,0,0,0,0,0,0.126174120285995,0,0,0,0,0,0,0,0,0,0,0,0,0,0,0,0,0
Aeromonas taiwanensis,0,0,0,0,0,0.154212813682882,0.0294348508634223,0,0,0,0,0,0,0,0,0,0,0,0,0,0,0,0
Variovorax sp,0,0,0.130165961601041,0,0,0.0420580400953316,0,0,0,0,0.0586682311528307,0,0,0,0,0,0,0,0,0,0,0,0
Anabaena sp,0.209948320413437,0.0538841490794791,0,0,0,0,0,0,0,0,0,0,0,0,0,0,0,0,0,0,33.1277940496377,0.0225301340542976,0.118273211117682
Serratia sp,0,0,5.14155548324113,0.202675314146737,0.184647850171459,0.154212813682882,0.274725274725275,16.0309563294638,15.7570783750513,0.129743756081739,26.0486946318569,0,0,15.334117185969,48.4113300492611,0,0,0,0.603116099849221,0,0,0,0
Frateuria sp,0,0,0,0,0,0,0,0,0,0.0324359390204346,0.0293341155764154,0,0.0101010101010101,0.195963158926122,0,0,0,0,0,0,0,0,0
Plectonema cf battersii,0,0.0808262236192187,0,0,0,0,0,0,0,0,0,0,0,0,0,0,0,0,0,0,0,0,0
Nitrobacteria sp,0,0,0,0,0,0,0,0,0,0,0,0,0,0,0,0,0,0,0,0,0,0.0225301340542976,0
Pseudomonas teessidea,0,0,0,0.0135116876097825,0,0.0280386933968877,0.0490580847723705,0,0,0,0,0,0,0,0,0,0,0,0,0,0,0,0
Pantoea agglomerans,0,0,0,0,0.0527565286204168,0,0,0,0.123102174805088,0.0324359390204346,0.146670577882077,0,0,0,0,0,0,0,0.0167532249958117,0,0,0,0
Aranicola sp,0,0,0.0325414904002603,0,0,0,0,0.497512437810945,0.984817398440706,0,1.76004693458492,0,0,0.666274740348814,0.320197044334975,0,0,0,0,0,0,0,0
Mitsuaria sp,0,0,0,0.0945818132684772,0.0263782643102084,0.0140193466984439,0.137362637362637,0,0,0,0,0,0,0,0,0,0,0,0,0,0,0,0
Propionibacterium acnes,0,0,0,0,0,0,0,0,1.35412392285597,0.291923451183912,0.176004693458492,0.293398533007335,0,0,0,0,0,0,0,0,0,0,0
Raoultella ornithinolytica,0,0,0,0,0,0.112154773587551,0,0,0,0.194615634122608,0.0293341155764154,0,0,0,0,0,0,0,0,0.176991150442478,0,0,0
Leptolyngbya sp,0,0.00898069151324652,0,0,0,0,0,0,0,0,0,0,0,0,0,0,0,0,0,0,0,0.0112650670271488,0.039424403705894
Herbaspirillum frisingense,0,0,0,0,0,0.112154773587551,0,0,0,0,0,0,0,0,0,0,0,0,0,0.0168563000421408,0,0,0
Aphanizomenon ovalisporum,0.0484496124031008,0.0538841490794791,0,0,0,0,0,0,0,0,0,0,0,0,0,0,0,0,0,0,0,0,0
Geodermatophilus obscurus,0,0,0,0,0,0,0,0,0,0.0648718780408693,0,0,0,0,0,0,0,0,0,0,0,0,0
Pantoea sp,0,0,0.911161731207289,0.0270233752195649,0,0.0140193466984439,0.0392464678178964,0,1.06688551497743,0.454103146286085,0.234672924611323,0,0,0,0,0,0,0,0,0,0,0,0
Asaia sp,0,0,0,0,0,0,0,0,0,0,0,0,0,0,0,0,0,5.22335145355708,0,0,0,0,0
Serratia marcescens,0,0,0,0,0,0.0140193466984439,0,0,0,0.162179695102173,0,0,0,0,0,0,0,0,26.604121293349,0,0,0,0
Yersinia kristensenii,0,0,0,0.0135116876097825,0,0.0280386933968877,0,0,0,0,0,0,0,0,0,0,0,0,0,0,0,0,0
Klebsiella sp,0,0,0.097624471200781,0.0270233752195649,0,0.140193466984439,0.0098116169544741,0.0276395798783858,0,0.0324359390204346,0.176004693458492,0,0,0.0293944738389183,0.0123152709359606,0,0,0,0,0.185419300463548,0,0,0
Aphanizomenon cf gracile,0,0.00898069151324652,0,0,0,0,0,0,0,0,0,0,0,0,0,0,0,0,0,0,0,0,0
Anabaena cylindrica,0,0,0,0,0,0,0,0,0,0,0,0,0,0,0,0,0,0,0,0,0,9.60910217415794,29.6865759905381
Serratia plymuthica,0,0,1.7246989912138,0,0,0.0420580400953316,0.0196232339089482,1.24378109452736,0.615510874025441,0.0973078170613039,0.586682311528307,0,0,0.823045267489712,3.47290640394089,0,0,0,0,0,0,0,0
Enterobacter amnigenus,0,0,0,0,0,0.126174120285995,0,0,0,0,0.410677618069815,0,0,0,0,0,0,0,0.0335064499916234,0,0,0,0
Rahnella sp,0,0,0.260331923202083,0.0270233752195649,0.0527565286204168,0.0280386933968877,0.0490580847723705,0.304035378662244,0.123102174805088,1.52448913396043,0.7626870049868,0.097799511002445,0,0.205761316872428,1.72413793103448,0,1.34019222959253,0,0,0.294985250737463,0,0,0
Phormidium sp,0,0,0,0,0,0,0,0,0,0,0,0,0,0,0,0,0,0,0,0,0,0.597048552438887,1.14330770747092
Leptolyngbya antarctica,0,0.017961383026493,0,0,0,0,0,0,0,0,0,0,0,0,0,0,0,0,0,0,0,0,0
Dolichospermum circinale,0,0.017961383026493,0,0,0,0,0,0,0,0,0,0,0,0,0,0,0,0,0,0,0,0.0112650670271488,0.019712201852947
Microvirgula sp,0,0,0,0,0,0.0140193466984439,0,0,0,0,0,0,0,0,0,0,0,0,0,0,0,0,0
Aranicola proteolyticus,0,0,0.0325414904002603,0,0,0,0,0.193477059148701,0.0820681165367255,0,0.0293341155764154,0,0,0.0195963158926122,0.0492610837438424,0,0,0,0,0,0,0,0
Chryseobacterium taiwanense,0,0,0,0,0,1.54212813682882,0.0098116169544741,0,0,0,0,0,0,0,0,0,0,0,0,0,0,0,0
Nostochopsis lobatus,0,0,0,0,0,0,0,0,0,0,0,0,0,0,0,0,0,0,0,0,0,0.0225301340542976,0.118273211117682
Trichormus variabilis,0,0.00898069151324652,0,0,0,0,0,0,0,0,0,0,0,0,0,0,0,0,0,0,0,0.0112650670271488,0.0788488074117879
Rhizobium sp,0,0,0.0325414904002603,0,0,0.0280386933968877,0.0196232339089482,0,0,0,0,0,0.111111111111111,0.00979815794630609,0,0,0,0,0,0,0,0.675904021628929,3.78474275576582
Gloeocapsa sp,0.0053832902670112,0,0,0,0,0,0,0,0,0,0,0,0,0,0,0,0,0,0,0,0,0.0901205362171905,0.275970825941258
Ewingella americana,0,0,0,0,0.0263782643102084,0,0,0,0.0410340582683627,0.518975024326954,0.322675271340569,0,0,0,0,0,13.6455936103966,0,0,0,0,0,0
Cyanothece sp,1.42118863049096,0,0,0,0,0,0,0,0,0,0,0,0,0,0,0,0,0,0,0,0,0.0112650670271488,0.039424403705894
Merismopedia glauca,0,0,0,0,0,0,0,0,0,0,0,0,0,0,0,0,0,0,0,0,0,0.0112650670271488,0
Citrobacter sp,0,0,0,0,0,0.0560773867937754,0,0,0,0,0,0,0,0,0,0,0,0,0,0,0,0,0
Yersinia sp,0,0,0,0,0,0.0420580400953316,0,0,0,0,0.146670577882077,0,0,0,0,0,0,0,0,0,0,0,0
Massilia albidiflava,0,0,0,0,0,0.0280386933968877,0,0,0,0,0,0,0,0,0,0,0,0,0,0,0,0,0
Asaia bogorensis,0,0,0,0,0,0,0,0,0,0,0,0,0,0,0,0,0,0.0236350744504845,0,0,0,0,0
Leptolyngbya frigida,0,0.538841490794791,0,0,0,0,0,0,0,0,0,0,0,0,0,0,0,0,0,0,0,0,0
Stigonema ocellatum,0,0,0,0,0,0,0,0,0,0,0,0,0,0,0,0,0,0,0,0,0,0.0225301340542976,0.157697614823576
Hafnia alvei,0,0,0,0,0,0,0,0,0,0.0324359390204346,0.293341155764154,0,0,0,0,0,0,0,0,0,0,0,0
Aeromicrobium sp,0,0,0,0,0,0,0,0,0,0,0,0,0,0,0,0,0,0,0,0,0,0.101385603244339,0
Agrobacterium rhizogenes,0,0,0,0,0,0,0,0.386954118297402,1.10791957324579,0,1.49603989439718,0,2.38383838383838,0.617283950617284,0,0,0,0,0,0,0,0,0
Microcoleus chthonoplastes,0,0.00898069151324652,0,0,0,0,0,0,0,0,0,0,0,0,0,0,0,0,0,0,0,0,0
Bradyrhizobium sp,0.0053832902670112,0,0.0325414904002603,0,0,0,0,0,0.0820681165367255,1.91372040220564,0,4.05867970660147,0.272727272727273,0.0979815794630609,0,0,0,0,0,0,0,0,0
Afipia sp,0,0,0,0,0,0,0.0098116169544741,0,0,0.810898475510866,0,0.537897310513447,0,0,0,0,0,0,0,0,0,0,0
Aliihoeflea aestuarii,0,0,0,0,0,0,0,0,0,0,0,0,0,0,0,0,0,0,0,0,0,2.25301340542976,0
Brevundimonas diminuta,0,0,0,0,0,0,0,0,0,0,0,0,0,0,0,0,0,0,0,0,0,0.202771206488679,0
Rhodomicrobium sp,0,0,0,0,0,0,0,0,0,0.194615634122608,0,1.56479217603912,0,0,0,0,0,0,0,0,0,0,0
Oscillatoria sp,0,0.00898069151324652,0,0,0,0,0,0,0,0,0,0,0,0,0,0,0,0,0,0,0,0,0.019712201852947
Paracoccus sp,0,0,0,0,0,0,0,0,0,0,0,0,0,0,0,0,0,0,0,0,0,0.698434155683226,0.0591366055588409
Bradyrhizobium elkanii,0,0,0,0,0,0,0,0,0,0,0,0,0,0.156770527140898,0,0,0,0,0,0,0,0,0
Agrobacterium sp,0,0,0,0,0,0,0,0,0.123102174805088,0,0.0586682311528307,0,0.909090909090909,0.137174211248285,0,0,0,0,0,0,0,0,0
Methylobacterium sp,0.17764857881137,0.00898069151324652,0,0,0,0,0,0,0,0.129743756081739,0.176004693458492,0,0,0,0,0,0,0,0,0,0,0,0
Brevundimonas sp,0.597545219638243,0,0,0,0,0,0,0,0,0,0,0.0488997555012225,0,0,0,0,0,0,0,0,0,0.529458150275994,0.039424403705894
Devosia sp,0,0,0,0,0,0,0,0,0,0,0,0,0,0,0,0,0,0,0,0,0,0.540723217303143,0.275970825941258
Prosthecomicrobium sp,0,0,0,0,0,0,0,0,0,0.129743756081739,0,0,0,0,0,0,0,0,0,0,0,0,0.039424403705894
Ochrobactrum sp,0.0053832902670112,0,0.097624471200781,0,0,0,0,0,0,0,0,0,0,0,0,0,0,0,0,0,0,0.0675904021628929,0.019712201852947
Brevundimonas vesicularis,0,0,0,0,0,0,0,0,0,0,0.0586682311528307,0.488997555012225,0,0,0,0,0,0,0,0,0,0.0225301340542976,0
Methylobacterium podarium,0,0,0,0,0,0,0,0,0,0.0324359390204346,0,0,0,0,0,0,0,0,0,0,0,0,0
Devosia riboflavina,0,0,0,0,0,0,0,0,0,0,0,0,0,0,0,0,0,0,0,0,0,0.0225301340542976,0
Rhizobium etli,0,0,0,0,0,0.0280386933968877,0,0,0,0,0,0,0,0,0,0,0,0,0,0,0,0,0
Ochrobactrum pseudogrignonense,0.0053832902670112,0,0,0,0,0,0,0,0,0,0,0,0,0,0,0,0,0,0,0,0,0.0112650670271488,0
Rhizobium leguminosarum,0,0,0,0,0,0,0,0,0,0,0,0,0.0404040404040404,0.0293944738389183,0,0,0,0,0,0,0,0,0.019712201852947
Pseudomonas resinovorans,0,0,0,0,0,0.0140193466984439,0,0,0,0,0,0,0,0,0,0,0,0,0,0,0,0,0
Enterobacter asburiae,0,0,0,0,0,0.098135426889107,0,0,0,0,0.0880023467292461,0,0,0,0,0,0,0,0,0,0,0,0
Rahnella aquatilis,0,0,0,0,0,0,0,0,0,0.324359390204346,0.352009386916984,0.0488997555012225,0,0,0,0,6.74157303370786,0,0,0,0,0,0
Vibrio sp,0,0,0,0,0,0,0.0098116169544741,0,0,1.97859228024651,0,1.9559902200489,0,0,0,0,0,0,0,0,0,0,0
Enterobacter aerogenes,0,0,0,0,0,0.308425627365765,0.0098116169544741,0,0,0.162179695102173,0.0293341155764154,0,0,0,0,0,0,0,0,0.337126000842815,0,0,0
Flavobacterium sp,19.3475452196382,0.017961383026493,0,0,0,0,0,0,0.533442757488716,0,0.264007040187738,1.17359413202934,0,0,0,0,0,0,0.0167532249958117,0.0505689001264222,0,0,20.4218411196531
Pseudomonas gessardii,0,0,0,0.0270233752195649,0,0.308425627365765,0.0196232339089482,0,0.0410340582683627,0,0,0,0,0,0,0,0,0,0,0.00842815002107038,0,0,0
Clostridium sp,0,0.350246969016614,0,0,0,0,0,0,0,0,0,0,0,0,0,0,0,0,0,0,0,0.0112650670271488,0
Kluyvera georgiana,0,0,0,0,0,0.140193466984439,0,0,0,0,0.0293341155764154,0,0,0,0,0,0,0,0,0,0,0,0
Buttiauxella sp,0,0,0,0,0,0,0,0,0.123102174805088,0.0324359390204346,0.0586682311528307,0,0,0,0,0,0,0,0,0,0,0,0
Lyngbya aestuarii,0,0.00898069151324652,0,0,0,0,0,0,0,0,0,0,0,0,0,0,0,0,0,0,0,0,0
Brevundimonas terrae,0,0,0,0,0,0,0,0,0,0,0,0,0,0,0,0,0,0,0,0,0,0.0112650670271488,0
Pseudomonas stutzeri,0,0,2.11519687601692,1.98621807863802,0.0263782643102084,0.0560773867937754,1.70722135007849,0,0.574476815757078,0.129743756081739,0,0,4.90909090909091,0,0,0,0,0,2.88155469927961,0,0,0,2.9371180760891
Mesorhizobium loti,0,0,0,0,0,0,0,0,0,0,0,0.097799511002445,0.0202020202020202,0.00979815794630609,0,0,0,0,0,0,0,0,0
Kluyvera ascorbata,0,0,0,0,0,0.280386933968877,0,0,0,0,0.146670577882077,0,0,0,0,0,0,0,0,0,0,0,0
Variovorax paradoxus,0,0,0,0,0.0527565286204168,0.0420580400953316,0,0,0,0,0,0,0,0,0,0,0,0,0,0,0,0,0
Serratia odorifera,0,0,0.097624471200781,0,0,0,0.0490580847723705,0,0.164136233073451,0.162179695102173,0.0586682311528307,0,0,0,0,0,0,0,0,0,0,0,0
Tetrathiobacter mimigardefordensis,0.0053832902670112,0,0,0,0,0,0,0,0,0,0,0,0,0,0,0,0,0,0,0,0,0.0563253351357441,0
Planktothrix agardhii,0,0.323304894476875,0,0,0,0,0,0,0,0,0,0,0,0,0,0,0,0,0,0,0,0.0112650670271488,0.019712201852947
Pseudomonas graminis,0,0,0,1.47277394946629,0,0.0560773867937754,1.55023547880691,0,0,0,0,0,0.0606060606060606,0,0,0,0,0,0,0,0,0,0
Pseudomonas poae,0,0,0.097624471200781,0,0,0.0140193466984439,0,0,0,0,0,0,0,0,0,0,0,0,0,0.00842815002107038,0,0,0
Candidatus Burkholderia verschuerenii,0,0,0,0,0,0,0,0,0,0,0,0,0,0,0,0,0,0.047270148900969,0,0,0,0,0
Raoultella planticola,0,0,0,0,0,0,0,0,0,0,0,0,0,0.00979815794630609,0,0,0,0,0,0,0,0,0
Stenotrophomonas rhizophila,0,0,0,0,0,0.0140193466984439,0,0,0,0,0,0,0,0,0,0,0,0,0,0,0,0,0
Pseudomonas anguilliseptica,0,0,0,0,0,0.0140193466984439,0,0,0,0,0,0,0,0,0,0,0,0,0,0,0,0,0
Pleurocapsa sp,0,0.017961383026493,0,0,0,0,0,0,0,0,0,0,0,0,0,0,0,0,0,0,0,0,0
Burkholderia caryophylli,0,0,0,0,0,0,0,0,0,0,0,0,0,0,0,0,0.0135372952484094,0.047270148900969,0,0,0,0,0
Streptomyces sp,0,0,0,0,0,0.0140193466984439,0,0,0,0,0,0,0,0,0,0,0,0,0,0,0,0,0
Enterobacter cancerogenus,0,0,0,0,0,0.0140193466984439,0,0,0,0,0,0,0,0,0,0,0,0,0,0,0,0,0
Planktothrix sp,0,0.017961383026493,0,0,0,0,0,0,0,0,0,0,0,0,0,0,0,0,0,0,0.0154154462771697,0,0
Dyella yeojuensis,0,0,0,0,0,0,0,0,0,0,0,0,0,0.00979815794630609,0,0,0,0,0,0,0,0,0
Enterobacter hormaechei,0,0,0,0,0,0.0140193466984439,0.0098116169544741,0,0,0,0,0,0,0,0,0,0,0,0,0.00842815002107038,0,0,0
Escherichia sp,0,0,0.0650829808005207,0,0,0.0140193466984439,0,0,0,0,0,0,0,0,0,0,0.0135372952484094,0,0.0837661249790585,0,0,0,0
Yersinia rohdei,0,0,0,0,0,0.0140193466984439,0,0,0,0,0,0,0,0,0,0,0,0,0,0,0,0,0
Pectobacterium atrosepticum,0,0,0.0325414904002603,0,0,0,0,0.0276395798783858,0,0,0,0,0,0.00979815794630609,0,0,0,0,0,0,0,0,0
Microcella putealis,0,0,0,0,0,0,0,0,0,0,0,0,0,0,0,0,0,0,0,0,0,0.0225301340542976,0.019712201852947
Rivularia sp,0,0.00898069151324652,0,0,0,0,0,0,0,0,0,0,0,0,0,0,0,0,0,0,0.0770772313858486,0,0.019712201852947
Lysobacter sp,0,0,0,0.0135116876097825,0,0,0,0,0,0,0,0,0,0,0,0,0,0,0,0,0,0.0225301340542976,0
Delftia acidovorans,0,0,0,0,0,0,0,0,0,0.0324359390204346,0,0,0,0,0,0,0,0,0,0,0,0,0
Nostoc sp,0.026916451335056,0.00898069151324652,0,0,0,0,0,0,0,0,0,0,0,0,0,0,0,0,0,0,0.0154154462771697,0,0
Agrobacterium albertimagni,0,0,0,0,0,0,0,0,0,0,0,0,0,0,0,0,0,0,0,0,0,0.0788554691900417,0
Anabaena augstumalis,0,0,0,0,0,0,0,0,0,0,0,0,0,0,0,0,0,0,0,0,0,0.0112650670271488,0.0788488074117879
Klebsiella pneumoniae,0,0,0,0,0,0,0,0,0,0.0324359390204346,0.0293341155764154,0,0,0,0.0246305418719212,0,0,0,0,0.0505689001264222,0,0,0
Prochlorococcus marinus,0,0.00898069151324652,0,0,0,0,0,0,0,0,0,0,0,0,0,0,0,0,0,0,0,0,0
Plectonema sp,0,0.00898069151324652,0,0,0,0,0,0,0,0,0,0,0,0,0,0,0,0,0,0,0,0,0
Stenotrophomonas humi,0,0,0,0,0,0,0,0,0,0,0,0,0,0,0,0,0,0,0,0,0,0.0112650670271488,0
Janthinobacterium lividum,0,0,0,0,0,0.0280386933968877,0.0392464678178964,0,0.0410340582683627,0,0,0,0,0,0,0,0,0,0,0,0,0,0
Achromobacter piechaudii,0,0,0,0,0,0,0,0,0,0,0,0,0,0.00979815794630609,0,0,0,0,0,0,0,0,0
Planktothrix pseudagardhii,0.139965546942291,0,0,0,0,0,0,0,0,0,0,0,0,0,0,0,0,0,0,0,0.0924926776630183,0.0225301340542976,0.019712201852947
Burkholderia anthina,0,0,0,0,0,0,0,0,0,0,0,0,0,0.00979815794630609,0,0,0,0,0,0,0,0,0
Bradyrhizobium japonicum,0,0,0,0,0,0,0,0,0,0.0324359390204346,0,0.0488997555012225,0,0,0,0,0,0,0,0,0,0,0
Phyllobacterium sp,0,0,0,0,0,0,0,0,0,0.0324359390204346,0,0.0488997555012225,0,0,0,0,0,0,0,0,0,0,0.0985610092647349
Bacillus sp,0,0.00898069151324652,0,0,0,0,0,0,0.0820681165367255,0,0,0,0,0,0,0,0,0,0,0,0,0,0
Rickettsiella sp,0,0,0,0,0,0,0.0883045525902669,0,0,0,0,0,0,0,0,0,0,0,0,0,0,0,0
Staphylococcus sp,0,0,0,0,0,0,0,0,0,0,0.264007040187738,0,0,0,0,0,0,0,0,0,0,0,0
Paenibacillus borealis,0,0,0,0,0,0,0.0784929356357928,0,0,0,0,0,0,0,0,0,0,0,0,0,0,0,0
Algoriphagus ornithinivorans,0,0,0,0,0,0,0,0,0,0,0,0,0,0,0,0,0,0,0,0,0,0,0.0985610092647349
Prevotella sp,0,0,0,0,0,0,0,0,0,0,0.205338809034908,0,0,0,0,0,0,0,0,0,0,0,0
Pseudomonas mandelii,0,0,0,0,0,0,0.0883045525902669,0,0,0,0,0,0,0,0,0,0,0,0,0,0,0,0
Pseudomonas frederiksbergensis,0,0,0.0325414904002603,0.0270233752195649,0,0,0,0,0.0410340582683627,0,0,0,0,0,0,0,0,0,0,0,0,0,0
Methylophilus methylotrophus,0,0,0,0,0,0,0.0196232339089482,0,0,0,0,0,0,0,0,0,0,0,0,0,0,0,0
Simonsiella muelleri,0,0,0,0,0,0,0.0588697017268446,0,0,0,0,0,0,0,0,0,0,0,0,0,0,0,0
Algoriphagus sp,0,0,0,0,0,0,0,0,0,0,0,0,0,0,0,0,0,0,0,0,0,0,30.2976542479795
Cohnella sp,0,0,0,0.0405350628293474,0,0,0.0196232339089482,0,0,0,0,0,0,0,0,0,0,0,0,0,0,0,0
Ralstonia sp,0,0,0.130165961601041,0,0,0,0,0,0.328272466146902,0,0,0.19559902200489,0,0,0,0,0,0,0,0,0,0,0
Collimonas sp,0,0,0.227790432801822,0,0,0,0,0,0,0,0,0,0,0,0,0,0,0,0,0,0,0,0
Paenibacillus chondroitinus,0,0,0.97624471200781,0.148628563707607,0.527565286204168,0,0.500392464678179,0,0.164136233073451,0,0,0,0,0,0,0,0,0,0,0,0,0,0
Mucilaginibacter sp,0,0,0.0650829808005207,0,0,0,0,0.276395798783859,0.205170291341814,0,0.117336462305661,0,0,0,0,0,2.34195207797482,0,0,0,0,0,0
Pedobacter heparinus,0,0,0.097624471200781,0,0,0,0,0.442233278054174,0,0,0.0586682311528307,0,0,0,0,0,0,0,0,0,0,0,0
Escherichia coli,0,0,0,0,0,0,0,0,0,0,0.0293341155764154,0,0,0,0.0246305418719212,0,0,0,0,0,0,0,0
Dyella ginsengisoli,0,0,0,0,0,0,0,0,0,0,0.0293341155764154,0,0,0,0,0,1.93583322052254,0,0,0,0,0,0
Flexibacter sp,0,0,0,0,0,0,0,0,0,0,0,0,0,0,0,0,0,0,0,0,0,0,0.0591366055588409
Halomonas sp,0,0,0,0,0,0,0,0,0,0,0,0,0,0,0,0,0,0,0,0,0,0,0.413956238911886
Pseudomonas viridiflava,0,0,0.0325414904002603,0,0,0,0,0,0,0,0,0,0,0,0,0,0,0,0,0,0,0,0
Sphingoterrabacterium pocheensis,0,0,0.0325414904002603,0,0,0,0,0.442233278054174,0.615510874025441,0,0.0880023467292461,0,0,0,0,0,0,0,0,0,0,0,0
Chitinophaga sp,0,0,0,0,0,0,0,0,0,0,0.117336462305661,0,0,0,0,0,0,0,0,0,0,0,0
Streptococcus salivarius,0,0,0,0,0,0,0.0196232339089482,0,0,0,0.0293341155764154,0,0,0,0,0,0,0,0,0,0,0,0
Herminiimonas saxobsidens,0,0,0,0.0540467504391298,0,0,0.0294348508634223,0,0,0,0,0,0,0,0,0,0,0,0,0,0,0,0
Ruminococcus sp,0,0,0,0,0,0,0,0,0,0,0.440011733646231,0,0,0,0,0,0,0,0,0,0,0,0
Eubacterium coprostanoligenes,0,0,0,0,0,0,0,0,0,0,0.205338809034908,0,0,0,0,0,0,0,0,0,0,0,0
Pseudomonas vancouverensis,0,0,0.130165961601041,0,0,0,0,0,0,0,0,0,0.0707070707070707,0,0,0,0,0,0.0335064499916234,0,0,0,0
Cytophagales sp Bacteroidetes,0,0,0,0,0,0,0,0,0,0,0.117336462305661,0,0,0,0,0,0,0,0,0,0,0,0
Pseudomonas lurida,0,0,0,0,0,0,0.0098116169544741,0,0.0410340582683627,0,0.645350542681138,0,0,0,0,0,0,0,0,0,0,0,0
Sphingobium sp,0,0,0,0,0,0,0,0,0,0,0.0293341155764154,0,0,0,0,0,0,0,0,0,0,0,0
Erwinia persicina,0,0,0,0,0,0,0.0294348508634223,0,0,0,0,0,0,0,0,0,0,0,0,0,0,0,0
Pseudomonas pavonaceae,0,0,0,0,0,0,0.0098116169544741,0,0,0,0,0,0,0,0,0,0,0,0,0,0,0,0
Malikia spinosa,0,0,0,1.97270639102824,0,0,2.6883830455259,0,0,0,0,0,0,0,0,0,0,0,0,0,0,0,0
Pseudomonas plecoglossicida,0,0,0.0650829808005207,0.905283069855425,0.290160907412292,0,0.81436420722135,0,0.123102174805088,0,0.205338809034908,0,0,0,0,0,0,0,0,0,0,0,0
Hydrocarboniphaga sp,0,0,0,0,0,0,0,0,0,0,0,0,0,0,0,0,0,0,0,0,0,0,0.157697614823576
Eubacterium saburreum,0,0,0,0,0,0,0,0,0,0,0.0293341155764154,0,0,0,0,0,0,0,0,0,0,0,0
Pseudomonas tolaasii,0,0,0.227790432801822,0.0270233752195649,0,0,0,0,0.0410340582683627,0,0,0,0,0,0,0,0,0,0,0,0,0,0
Pseudomonas moorei,0,0,0.0325414904002603,0,0,0,0,0,0,0,0,0,0,0,0,0,0,0,0,0,0,0,0
Malikia granosa,0,0,0,0,0,0,0.0196232339089482,0,0,0,0,0,0,0,0,0,0,0,0,0,0,0,0
Curvibacter lanceolatus,0,0,0,0.135116876097825,0,0,0.21585557299843,0,0,0,0,0,0,0,0,0,0,0,0,0,0,0,0
Pseudomonas entomophila,0,0,0.878620240807029,0,0.0263782643102084,0,0,0,0.615510874025441,0,0,0,0.101010101010101,0,0,0,0,0,0,0,0,0,0
Paenibacillus castaneae,0,0,0,0.0270233752195649,0,0,0.0392464678178964,0,0,0,0,0,0,0,0,0,0,0,0,0,0,0,0
Halomonas venusta,0,0,0,0,0,0,0,0,0,0,0,0,0,0,0,0,0,0,0,0,0,0,1.28129312044155
Pseudomonas migulae,0,0,0.553205336804426,0.499932441561951,0,0,0.490580847723705,0,0,0,0,0,0,0,0,0,0,0,0,0,0,0,0
Anaerotruncus colihominis,0,0,0,0,0,0,0,0,0,0,0.0880023467292461,0,0,0,0,0,0,0,0,0,0,0,0
Ethanoligenens sp,0,0,0,0,0,0,0,0,0,0,0.0293341155764154,0,0,0,0,0,0,0,0,0,0,0,0
Acinetobacter sp,0,0,0,0.0270233752195649,0,0,0.0883045525902669,0,0,0,0,0,0,0,0,0,0,0,0,0,0,0,0
Erwinia billingiae,0,0,0,0.378327253073909,0,0,0.206043956043956,0,0,0,0,0,0,0,0,0,0,0,0,0,0,0,0
Pseudomonas filiscindens,0,0,0,0,0,0,0.0098116169544741,0,0,0,0,0,0,0,0,0,0,0,0,0,0,0,0
Pseudomonas koreensis,0,0,0.097624471200781,0,0,0,0.0098116169544741,0,0,0,0,0,0,0,0,0,0,0,0,0,0,0,0
Coprococcus sp,0,0,0,0,0,0,0,0,0,0,0.410677618069815,0,0,0,0,0,0,0,0,0,0,0,0
Pseudomonas fulva,0,0,0.0650829808005207,0.0405350628293474,0,0,0,0,0,0,0,0,0,0,0,0,0,0,0.0335064499916234,0,0,0,0
Caminicella sp,0,0,0,0,0,0,0,0,0,0,0.0293341155764154,0,0,0,0,0,0,0,0,0,0,0,0
Clostridium aminophilum,0,0,0,0,0,0,0,0,0,0,0.117336462305661,0,0,0,0,0,0,0,0,0,0,0,0
Tepidimonas arfidensis,0,0,0,0,0,0,0.0294348508634223,0,0,0,0,0,0,0,0,0,0,0,0,0,0,0,0
Rhodococcus erythropolis,0,0,0,0,0,0,0,0,1.72343044727124,0,0.293341155764154,0,0,0,0,0,0,0,0,0,0,0,0
Eubacterium sp,0,0,0,0,0,0,0,0,0,0,0.0293341155764154,0,0,0,0,0,0,0,0,0,0,0,0
Phascolarctobacterium sp,0,0,0,0,0,0,0,0,0,0,0.0586682311528307,0,0,0,0,0,0,0,0,0,0,0,0
Arthrobacter nicotinovorans,0,0,0,0,0,0,0.0294348508634223,0,0,0,0,0,0,0,0,0,0,0,0,0,0,0,0
Erwinia amylovora,0,0,0,0,0,0,0,0,0,0,0.0293341155764154,0,0,0,0.0123152709359606,0,0,0,0,0,0,0,0
Rhodococcus sp,0,0,0,0,0,0,0,0,0.205170291341814,0,0.0880023467292461,0,0,0,0,0,0,0,0,0,0,0,0
Eggerthella lenta,0,0,0,0,0,0,0,0,0,0,0.234672924611323,0,0,0,0,0,0,0,0,0,0,0,0
Parabacteroides sp,0,0,0,0,0,0,0,0,0,0,0.469345849222646,0,0,0,0,0,0,0,0,0,0,0,0
Shinella zoogloeoides,0,0,0,0,0,0,0,0,0,0,0,0,0,0,0,0,0,0,0,0,0,0,0.946185688941455
Bartonella elizabethae,0,0,0,0,0,0,0,0,0,0,0,0,0,0,0,0,0,0,0,0,0,0,0.374531835205993
Dietzia sp,0,0,0,0,0,0,0,0,0,0,0,0,0,0,0,0,0,0,0,0,0,0,0.473092844470727
Symphyonema sp,0,0,0,0,0,0,0,0,0,0,0,0,0,0,0,0,0,0,0,0,0,0,0.039424403705894
Cedecea neteri,0,0,0.0325414904002603,0,0,0,0,0,0.0820681165367255,0,0.0293341155764154,0,0,0,0,0,0,0,0,0,0,0,0
Hoeflea alexandrii,0,0,0,0,0,0,0,0,0,0,0,0,0,0,0,0,0,0,0,0,0,0,0.335107431500099
Cupriavidus sp,0,0,0,0,0,0,0,0,0,0,0.0293341155764154,0,0,0,0,0,0,0,0,0,0,0,0
Buttiauxella agrestis,0,0,0.0325414904002603,0,0,0,0,0,0.205170291341814,0,0,0,0,0,0,0,0,0,0,0,0,0,0
Serratia grimesii,0,0,0.0650829808005207,0,0,0,0,0,0,0,0,0,0,0,0.0246305418719212,0,0,0,0,0,0,0,0
Tolypothrix sp,0,0,0,0,0,0,0,0,0,0,0,0,0,0,0,0,0,0,0,0,0,0,0.039424403705894
Erwinia sp,0,0,0,0.0675584380489123,0,0,0.0294348508634223,0,0,0,0,0,0,0,0,0,0,0,0,0,0,0,0
Devosia crocina,0,0,0,0,0,0,0,0,0,0,0,0,0,0,0,0,0,0,0,0,0,0,0.532229450029568
Herbaspirillum huttiense,0,0,0,0,0,0,0,0,0,0,0,0,0,0,0.061576354679803,0,0,0,0,0,0,0,0
Oscillospira sp,0,0,0,0,0,0,0,0,0,0,0.0293341155764154,0,0,0,0,0,0,0,0,0,0,0,0
Erythrobacter piscidermidis,0,0,0,0,0,0,0,0,0,0,0,0,0,0,0,0,0,0,0,0,0,0,0.0591366055588409
Hoeflea sp,0,0,0,0,0,0,0,0,0,0,0,0,0,0,0,0,0,0,0,0,0,0,0.19712201852947
Caulobacter sp,0,0,0,0,0,0,0,0,0,0,0,0,0,0,0,0,0,0,0,0,0,0,0.039424403705894
Sphingomonas sp,0.150732127476314,0,0,0,0,0,0,0,0,0,0.117336462305661,0.0488997555012225,0,0,0,0,0,0,0,5.04003371260008,0,0,0
Sphingobium xenophagum,0,0,0,0,0,0,0,0,0,0,0.0880023467292461,0,0,0,0,0,0,0,0,0,0,0,0
Methylobacterium organophilum,0,0,0,0,0,0,0,0,0,0,0,0,0,0,0,0,0,0,0,0,0,0,0.019712201852947
Labrys methylaminiphilus,0,0,0,0,0,0,0,0.110558319513543,1.72343044727124,0,0.146670577882077,0,0.131313131313131,0,0,0,0,0,0,0,0,0,0
Mesorhizobium sp,0,0,0,0,0,0,0,0,0,0,0,0.244498777506112,0,0,0,0,0,0,0,0,0,0,0.906761285235561
Aminobacter sp,0,0,0,0,0,0,0,0,0,0,0,0,0,0,0,0,0,0,0,0,0,0,0.374531835205993
Aminobacter ciceronei,0,0,0,0,0,0,0,0,0,0,0,0,0,0,0,0,0,0,0,0,0,0,0.039424403705894
Agrobacterium tumefaciens,0,0,0,0.0405350628293474,0,0,0.156985871271586,0,0,0,0,0,0,0,0,0,0,0,0,0,0,0,0
Brucella canis,0,0,0,0,0,0,0,0,0,0,0,0,0,0,0,0,0,0,0,0,0,0,0.0591366055588409
Ochrobactrum tritici,0.0215331610680448,0,0.0325414904002603,0,0,0,0,0,0,0,0,0,0,0,0,0,0,0,0,0,0,0,0
Nitratireductor sp,0,0,0,0,0,0,0,0,0,0,0,0,0,0,0,0,0,0,0,0,0,0,0.019712201852947
Brevundimonas nasdae,0,0,0,0,0,0,0,0,0,0,0.0586682311528307,0.0488997555012225,0,0,0,0,0,0,0,0,0,0,0
Hyphomonas sp,0,0,0,0,0,0,0,0,0,0,0,0,0,0,0,0,0,0,0,0,0,0,0.0591366055588409
Chromobacterium violaceum,0,0,0,0,0,0,0,0,0.0410340582683627,0,0.0293341155764154,0,0,0,0,0,0,0,0,0,0,0,0
Gemmatimonas sp,0,0,0,0,0,0,0.0098116169544741,0,0,0,0,0,0,0,0,0,0,0,0,0,0,0,0
Hyphomonas polymorpha,0,0,0,0,0,0,0,0,0,0,0,0,0,0,0,0,0,0,0,0,0,0,0.118273211117682
Peptoniphilus asaccharolyticus,0,0,0,0,0,0,0,0,0,0,0.0880023467292461,0,0,0,0,0,0,0,0,0,0,0,0
Pseudomonas gingeri,0,0,0,0,0,0,0.0098116169544741,0,0,0,0,0,0.0202020202020202,0,0,0,0,0,0,0,0,0,0
Merismopedia tenuissima,0,0,0,0,0,0,0,0,0,0,0,0,0,0,0,0,0,0,0,0,0,0,0.157697614823576
Symploca sp,0.17764857881137,0,0,0,0,0,0,0,0,0,0,0,0,0,0,0,0,0,0,0,66.301834438107,0,0.019712201852947
Pseudomonas rhizosphaerae,0,0,0,0,0,0,0,0,0,0,0,0,0.0202020202020202,0,0,0,0,0,0.0167532249958117,0,0,0,0
Nitratireductor basaltis,0,0,0,0,0,0,0,0,0,0,0,0,0,0,0,0,0,0,0,0,0,0,0.019712201852947
Microbacterium oxydans,0.161498708010336,0,0,0,0,0,0.0196232339089482,0,0,0,0,0,0,0,0,0,0,0,0,0,0,0,0
Cronobacter malonaticus,0,0,0.0650829808005207,0,0,0,0,0,0,0,0,0,0,0,0,0,0,0,0,0,0,0,0
Xylophilus ampelinus,0,0,0,0,0,0,0.0098116169544741,0,0,0,0,0,0,0,0,0,0,0,0,0,0,0,0
Aquaspirillum arcticum,0,0,0,0,0,0,0.0294348508634223,0,0,0,0,0,0,0,0,0,0,0,0,0,0,0,0
Dickeya chrysanthemi,0,0,0,0,0,0,0,0,0,0,0.0293341155764154,0,0,0,0,0,0,0,0.0335064499916234,0,0,0,0
Bacillus subtilis,0,0,0,0,0,0,0,0,0,0,0,0,0,0,0.0123152709359606,0,0,0,0,0,0,0,0
Eubacterium desmolans,0,0,0,0,0,0,0,0,0,0,0.0293341155764154,0,0,0,0,0,0,0,0,0,0,0,0
Aquamicrobium sp,0,0,0,0,0,0,0,0,0,0,0,0,0,0,0,0,0,0,0,0,0,0,0.019712201852947
Dermabacter sp,0,0,0,0,0,0,0,0,0,0,0.176004693458492,0,0,0,0,0,0,0,0,0,0,0,0
Oscillatoria spongeliae,0,0,0,0,0,0,0,0,0,0,0,0,0,0,0,0,0,0,0,0,0,0,0.019712201852947
Coprobacillus sp,0,0,0,0,0,0,0.0196232339089482,0,0,0,0,0,0,0,0,0,0,0,0,0,0,0,0
Corynebacterium urealyticum,0,0,0,0,0,0,0,0,0,0,0.0586682311528307,0,0,0,0,0,0,0,0,0,0,0,0
Corynebacterium tuberculostearicum,0,0,0,0,0,0,0.0098116169544741,0,0,0,0,0,0,0,0,0,0,0,0,0,0,0,0
Mesorhizobium chacoense,0,0,0,0,0,0,0,0,0,0,0,0,0,0,0,0,0,0,0,0,0,0,0.019712201852947
Pseudoalteromonas sp,0,0,0,0,0,0,0,0,0,0,0,0,0,0,0.0123152709359606,0,0,0,0,0,0,0,0.019712201852947
Pseudomonas luteola,0,0,0,0.0270233752195649,0,0,0.0098116169544741,0,0,0,0,0,0,0,0,0,0,0,0,0,0,0,0
Pseudomonas marginalis,0,0,0.0325414904002603,0,0,0,0,0,0,0,0,0,0,0,0,0,0,0,0,0,0,0,0
Cylindrospermum stagnale,0.0053832902670112,0,0,0,0,0,0,0,0,0,0,0,0,0,0,0,0,0,0,0,0,0,0.019712201852947
Chroococcus cf membraninus,0,0,0,0,0,0,0,0,0,0,0,0,0,0,0,0,0,0,0,0,0,0,0.0591366055588409
Alcaligenes faecalis,0,0,0,0,0,0,0,0,0,0,0,0,0,0,0,0,0,0,0.0167532249958117,0,0,0,0
Herminiimonas sp,0,0,0,0,0,0,0.0196232339089482,0,0,0,0,0,0,0,0,0,0,0,0,0,0,0,0
Flavobacterium columnare,0,0,0,0,0,0,0,0,0,0,0,0,0,0,0,0,0,0,0,0,0,0,0.019712201852947
Flavobacterium xanthum,0,0,0,0,0,0,0,0,0,0,0,0,0,0,0,0,0,0,0,0,0,0,0.019712201852947
Staphylococcus pettenkoferi,0,0,0,0,0,0,0,0,0.0820681165367255,0,0,0,0,0,0,0,0,0,0,0,0,0,0
Rhodanobacter terrae,0,0,0,0,0,0,0,0,0,0,0,0,0,0,0,0,0.21659672397455,0,0,0,0,0,0
Bacillus jeotgali,0,0,0,0,0,0,0,0,0.533442757488716,0,0,0,0,0,0,0,0,0,0,0,0,0,0
Chroococcus minutus,0.26916451335056,0,0,0,0,0,0,0,0,0,0,0,0,0,0,0,0,0,0,0,0,0,0
Hydrogenophaga atypica,3.95671834625323,0,0,0,0,0,0,0,0,0,0,0,0,0,0,0,0,0,0,0,0,0,0
Paenibacillus tylopili,0,0,0,0,0,0,0,0,0.369306524415265,0,0,0,0,0,0,0,0,0,0,0,0,0,0
Dokdonella fugitiva,0,0,0,0,0,0,0,0,0,0,0,0,0.747474747474748,0,0,0,0,0,0,0,0,0,0
Hydrogenophaga taeniospiralis,0.0376830318690784,0,0,0,0,0,0,0,0,0,0,0,0,0,0,0,0,0,0,0,0,0,0
Nodularia spumigena,2.86391042204996,0,0,0,0,0,0,0,0,0,0,0,0,0,0,0,0,0,0,0,0,0,0
Paenibacillus pabuli,0,0,0,0,0,0,0,0,0.0820681165367255,0,0,0,0,0,0,0,0,0,0,0,0,0,0
Hydrogenophaga sp,1.37812230835487,0,0,0,0,0,0,0,0,0,0,0,0,0,0,0,0,0,0,0,0,0,0
Bacillus boroniphilus,0,0,0,0,0,0,0,0,0.0410340582683627,0,0,0,0,0,0,0,0,0,0,0,0,0,0
Pseudomonas rhodesiae,0,0,0,0,0.0263782643102084,0,0,0,0,0,0,0,0,0,0,0,0,0,0,0,0,0,0
Pedobacter kwangyangensis,0.376830318690784,0,0,0,0,0,0,0,0,0,0,0,0,0,0,0,0,0,0,0,0,0,0
Mucilaginibacter rigui,0,0,0,0,0,0,0,0,0.369306524415265,0,0,0,0,0,0,0,0,0,0,0,0,0,0
Sphingoterrabacterium sp,0,0,0,0,0,0,0,0.0829187396351575,0,0,0,0,0,0,0,0,0.21659672397455,0,0,0,0,0,0
Pseudomonas agarici,0,0,0,0,0.0263782643102084,0,0,0,0,0,0,0,0,0,0,0,0,0,0,0,0,0,0
Haemophilus sp,0,0,0,0,0,0,0,0,0.656544932293804,0,0,0,0,0,0,0,0,0,0,0,0,0,0
Streptococcus cristatus,0,0,0,0,0,0,0,0,0.123102174805088,0,0,0,0,0,0,0,0,0,0,0,0,0,0
Pandoraea sp,0,0,0,0,0,0,0,0,0,0,0,0,0.0202020202020202,0,0,0,0,0,0,0,0,0,0
Chlorogloeopsis sp,0,0,0,0,0,0,0,0,0,0,0,0,0,0,0,0,0,0,0,0,0.0308308925543395,0,0
Corynebacterium genitalium,0,0,0,0,0,0,0,0,0.0820681165367255,0,0,0,0,0,0,0,0,0,0,0,0,0,0
Pseudomonas pseudoalcaligenes,0,0,0,0,0,0,0,0,0,0,0,0,0.0101010101010101,0,0,0,0,0,0,0,0,0,0
Microbacterium sp,0.0968992248062016,0,0,0,0,0,0,0,0,0,0,0,0,0,0,0,0,0,0,0,0,0,0
Aphanizomenon gracile,0,0,0,0,0,0,0,0,0,0,0,0,0,0,0,0,0,0,0,0,0.0308308925543395,0,0
Novosphingobium capsulatum,16.6612833763997,0,0,0,0,0,0,0,0,0,0,0,0,0,0,0,0,0,0,0,0,0,0
Leifsonia xyli,0,0,0,0,0,0,0,0,0,0,0,0,0,0,0,0,0.121835657235684,0,0,0,0,0,0
Dolichospermum lemmermanii,0.102282515073213,0,0,0,0,0,0,0,0,0,0,0,0,0,0,0,0,0,0,0,0.0154154462771697,0,0
Burkholderia sartisoli,0,0,0,0,0,0,0,0,0,0,0,0,0,0,0,0,0.0135372952484094,0,0,0,0,0,0
Collimonas fungivorans,0,0,0,0,0.0791347929306252,0,0,0,0,0,0,0,0,0,0,0,0,0,0,0,0,0,0
Rhodococcus baikonurensis,0,0,0,0,0,0,0,0,0.123102174805088,0,0,0,0,0,0,0,0,0,0,0,0,0,0
Anabaena oscillarioides,0.188415159345392,0,0,0,0,0,0,0,0,0,0,0,0,0,0,0,0,0,0,0,0.0154154462771697,0,0
Trichormus azollae,0.0645994832041344,0,0,0,0,0,0,0,0,0,0,0,0,0,0,0,0,0,0,0,0,0,0
Nostoc piscinale,0.0053832902670112,0,0,0,0,0,0,0,0,0,0,0,0,0,0,0,0,0,0,0,0,0,0
Nodularia harveyana,0.0161498708010336,0,0,0,0,0,0,0,0,0,0,0,0,0,0,0,0,0,0,0,0,0,0
Nodularia sphaerocarpa,0,0,0,0,0,0,0,0,0,0,0,0,0,0,0,0,0,0,0,0,0.0154154462771697,0,0
Chroococcus sp,0.0053832902670112,0,0,0,0,0,0,0,0,0,0,0,0,0,0,0,0,0,0,0,0,0,0
Cyanobium sp,0.0053832902670112,0,0,0,0,0,0,0,0,0,0,0,0,0,0,0,0,0,0,0,0,0,0
Phormidium priestleyi,0,0,0,0,0,0,0,0,0.0820681165367255,0,0,0,0,0,0,0,0,0,0,0,0,0,0
Pseudonocardia antarctica,0.0161498708010336,0,0,0,0,0,0,0,0,0,0,0,0,0,0,0,0,0,0,0,0,0,0
Novosphingobium subterraneum,0.0968992248062016,0,0,0,0,0,0,0,0,0,0,0,0,0,0,0,0,0,0,0,0,0,0
Rhodopseudomonas sp,0,0,0,0,0,0,0,0,0,0,0,0,0.555555555555556,0,0,0,0,0,0,0,0,0,0
Rhodopseudomonas palustris,0,0,0,0,0,0,0,0,0,0,0,0,0.111111111111111,0,0,0,0,0,0,0,0,0,0
Methylobacterium radiotolerans,0.053832902670112,0,0,0,0,0,0,0,0,0,0,0,0,0,0,0,0,0,0,0,0,0,0
Ochrobactrum lupini,0.026916451335056,0,0,0,0,0,0,0,0,0,0,0,0,0,0,0,0,0,0,0,0,0,0
Novosphingobium taihuense,0.0645994832041344,0,0,0,0,0,0,0,0,0,0,0,0,0,0,0,0,0,0,0,0,0,0
Aurantimonas sp,0.0699827734711456,0,0,0,0,0,0,0,0,0,0,0,0,0,0,0,0,0,0,0,0,0,0
Ochrobactrum anthropi,0.150732127476314,0,0,0,0,0,0,0,0,0,0,0,0,0,0,0,0,0,0,0,0,0,0
Bosea sp,0.0592161929371232,0,0,0,0,0,0,0,0,0,0,0,0,0,0,0,0,0,0,0,0,0,0
Rhizobium tropici,0,0,0,0,0,0,0,0,0,0,0,0,0.0505050505050505,0,0,0,0,0,0,0,0,0,0
Agrobacterium rubi,0,0,0,0,0,0,0,0,0,0,0,0,0.0101010101010101,0,0,0,0,0,0,0,0,0,0
Defluvibacter sp,0,0,0,0,0,0,0,0,0,0,0,0,0.0101010101010101,0,0,0,0,0,0,0,0,0,0
Pseudomonas xanthomarina,0,0,0,0,0,0,0,0,0,0,0,0,0.0101010101010101,0,0,0,0,0,0,0,0,0,0
Corynebacterium sp,0,0,0,0,0,0,0,0,0.164136233073451,0,0,0,0,0,0,0,0,0,0,0,0,0,0
Prochloron sp,0.0107665805340224,0,0,0,0,0,0,0,0,0,0,0,0,0,0,0,0,0,0,0,0,0,0
Tiedjeia arctica,0,0,0,0,0,0,0,0,0,0,0,0,0,0,0,0,0.0135372952484094,0,0,0,0,0,0
Burkholderia pyrrocinia,0,0,0,0,0,0,0,0,0,0,0,0,0.0101010101010101,0,0,0,0,0,0,0,0,0,0
Limnococcus limneticus,0.0053832902670112,0,0,0,0,0,0,0,0,0,0,0,0,0,0,0,0,0,0,0,0,0,0
Flavobacterium kamogawaensis,0,0,0,0,0,0,0,0,0.0410340582683627,0,0,0,0,0,0,0,0,0,0,0,0,0,0
Novosphingobium hassiacum,0.0053832902670112,0,0,0,0,0,0,0,0,0,0,0,0,0,0,0,0,0,0,0,0,0,0
Acaryochloris sp,0,0,0,0,0,0,0,0,0,0,0,0,0,0,0,0,0,0,0,0,0.0308308925543395,0,0
Sinorhizobium sp,0,0,0,0,0,0,0,0,0,0,0,0,0.0101010101010101,0,0,0,0,0,0,0,0,0,0
Planktothrix mougeotii,0,0,0,0,0,0,0,0,0,0,0,0,0,0,0,0,0,0,0,0,0.0154154462771697,0,0
Acidiphilium sp,0,0,0,0,0,0,0,0,0,0,0,0,0,0,0,0,0,0,0,0,0.0616617851086789,0,0
Sinorhizobium meliloti,0,0,0,0,0,0,0,0,0,0,0,0,0.0101010101010101,0,0,0,0,0,0,0,0,0,0
Alistipes putredinis,0,0,0,0.0135116876097825,0,0,0,0,0,0,0,0,0,0,0,0,0,0,0,0,0,0,0
Burkholderia sediminicola,0,0,0,0,0,0,0,0,0,0,0,0.0488997555012225,0,0,0,0.692114093959732,0,0,0,0,0,0,0
Parabacteroides distasonis,0,0,0,0.0135116876097825,0,0,0,0,0,0,0,0,0,0,0,0,0,0,0,0,0,0,0
Dolosigranulum sp,0,0,0,0,0,0,0,0,0,0,0,0.342298288508557,0,0,0,0,0,0,0,0,0,0,0
Acidisoma tundrae,0,0,0,0,0,0,0,0,0,0,0,0.146699266503667,0,0,0,0,0,0,0,9.11925832279815,0,0,0
Lactobacillus johnsonii,0,0,0,0.0135116876097825,0,0,0,0,0,0,0,0,0,0,0,0,0,0,0,0,0,0,0
Novosphingobium sp,0,0,0,0,0,0,0,0,0,0,0,0,0,0,0,0,0,0,0,0.202275600505689,0,0,0
Reyranella massiliensis,0,0,0,0,0,0,0,0,0,0,0,0.097799511002445,0,0,0,0,0,0,0,0,0,0,0
Pseudomonas aeruginosa,0,0,0,0.0135116876097825,0,0,0,0,0,0,0,0,0,0,0,0,0,0,0,0,0,0,0
